id,name,group,source_page,column_index,row_index,crop_center_xy,bbox_square_xyxy,raw_crop_path,icon_128_path
001,迪莫,group_001-016,001-064,1,1,,"[190, 0, 294, 104]",raw_crops/group_001-016/001_迪莫.png,icons_128/group_001-016/001_迪莫.png
002,喵喵,group_001-016,001-064,1,2,,"[188, 97, 299, 208]",raw_crops/group_001-016/002_喵喵.png,icons_128/group_001-016/002_喵喵.png
003,喵呜,group_001-016,001-064,1,3,,"[182, 198, 301, 317]",raw_crops/group_001-016/003_喵呜.png,icons_128/group_001-016/003_喵呜.png
004,魔力猫,group_001-016,001-064,1,4,,"[182, 305, 301, 424]",raw_crops/group_001-016/004_魔力猫.png,icons_128/group_001-016/004_魔力猫.png
005,火花,group_001-016,001-064,1,5,,"[183, 422, 301, 540]",raw_crops/group_001-016/005_火花.png,icons_128/group_001-016/005_火花.png
006,焰火,group_001-016,001-064,1,6,,"[184, 534, 295, 645]",raw_crops/group_001-016/006_焰火.png,icons_128/group_001-016/006_焰火.png
007,火神,group_001-016,001-064,1,7,,"[175, 631, 298, 754]",raw_crops/group_001-016/007_火神.png,icons_128/group_001-016/007_火神.png
008,水蓝蓝,group_001-016,001-064,1,8,,"[190, 753, 295, 858]",raw_crops/group_001-016/008_水蓝蓝.png,icons_128/group_001-016/008_水蓝蓝.png
009,波波拉,group_001-016,001-064,1,9,,"[181, 843, 298, 960]",raw_crops/group_001-016/009_波波拉.png,icons_128/group_001-016/009_波波拉.png
010,水灵,group_001-016,001-064,1,10,,"[175, 940, 303, 1068]",raw_crops/group_001-016/010_水灵.png,icons_128/group_001-016/010_水灵.png
011,鸭吉吉,group_001-016,001-064,1,11,,"[183, 1055, 299, 1171]",raw_crops/group_001-016/011_鸭吉吉.png,icons_128/group_001-016/011_鸭吉吉.png
012,板板壳,group_001-016,001-064,1,12,,"[187, 1170, 295, 1278]",raw_crops/group_001-016/012_板板壳.png,icons_128/group_001-016/012_板板壳.png
013,咔咔壳,group_001-016,001-064,1,13,,"[184, 1272, 299, 1387]",raw_crops/group_001-016/013_咔咔壳.png,icons_128/group_001-016/013_咔咔壳.png
014,水泡壳,group_001-016,001-064,1,14,,"[176, 1376, 294, 1494]",raw_crops/group_001-016/014_水泡壳.png,icons_128/group_001-016/014_水泡壳.png
015,锥尾羊,group_001-016,001-064,1,15,,"[182, 1493, 294, 1605]",raw_crops/group_001-016/015_锥尾羊.png,icons_128/group_001-016/015_锥尾羊.png
016,铃兰羊,group_001-016,001-064,1,16,,"[178, 1582, 302, 1706]",raw_crops/group_001-016/016_铃兰羊.png,icons_128/group_001-016/016_铃兰羊.png
017,花影羚羊,group_017-032,001-064,2,1,,"[489, 0, 615, 126]",raw_crops/group_017-032/017_花影羚羊.png,icons_128/group_017-032/017_花影羚羊.png
018,雪绒鸟,group_017-032,001-064,2,2,,"[505, 122, 606, 223]",raw_crops/group_017-032/018_雪绒鸟.png,icons_128/group_017-032/018_雪绒鸟.png
019,冬羽雀,group_017-032,001-064,2,3,,"[503, 226, 608, 331]",raw_crops/group_017-032/019_冬羽雀.png,icons_128/group_017-032/019_冬羽雀.png
020,岚鸟,group_017-032,001-064,2,4,,"[496, 324, 608, 436]",raw_crops/group_017-032/020_岚鸟.png,icons_128/group_017-032/020_岚鸟.png
021,小灵菇,group_017-032,001-064,2,5,,"[500, 436, 613, 549]",raw_crops/group_017-032/021_小灵菇.png,icons_128/group_017-032/021_小灵菇.png
022,幻灵菇,group_017-032,001-064,2,6,,"[495, 532, 617, 654]",raw_crops/group_017-032/022_幻灵菇.png,icons_128/group_017-032/022_幻灵菇.png
023,幻影灵菇,group_017-032,001-064,2,7,,"[493, 635, 620, 762]",raw_crops/group_017-032/023_幻影灵菇.png,icons_128/group_017-032/023_幻影灵菇.png
024,石肤蜥,group_017-032,001-064,2,8,,"[503, 760, 608, 865]",raw_crops/group_017-032/024_石肤蜥.png,icons_128/group_017-032/024_石肤蜥.png
025,石刺蜥,group_017-032,001-064,2,9,,"[503, 854, 608, 959]",raw_crops/group_017-032/025_石刺蜥.png,icons_128/group_017-032/025_石刺蜥.png
026,石冠王蜥,group_017-032,001-064,2,10,,"[494, 950, 609, 1065]",raw_crops/group_017-032/026_石冠王蜥.png,icons_128/group_017-032/026_石冠王蜥.png
027,布是石,group_017-032,001-064,2,11,,"[506, 1068, 607, 1169]",raw_crops/group_017-032/027_布是石.png,icons_128/group_017-032/027_布是石.png
028,布是岩,group_017-032,001-064,2,12,,"[503, 1170, 611, 1278]",raw_crops/group_017-032/028_布是岩.png,icons_128/group_017-032/028_布是岩.png
029,布克棱岩,group_017-032,001-064,2,13,,"[496, 1266, 611, 1381]",raw_crops/group_017-032/029_布克棱岩.png,icons_128/group_017-032/029_布克棱岩.png
030,恶魔叮,group_017-032,001-064,2,14,,"[506, 1385, 607, 1486]",raw_crops/group_017-032/030_恶魔叮.png,icons_128/group_017-032/030_恶魔叮.png
031,叮叮恶魔,group_017-032,001-064,2,15,,"[500, 1479, 612, 1591]",raw_crops/group_017-032/031_叮叮恶魔.png,icons_128/group_017-032/031_叮叮恶魔.png
032,毛毛,group_017-032,001-064,2,16,,"[497, 1590, 607, 1700]",raw_crops/group_017-032/032_毛毛.png,icons_128/group_017-032/032_毛毛.png
033,爬爬,group_033-048,001-064,3,1,,"[826, 8, 929, 111]",raw_crops/group_033-048/033_爬爬.png,icons_128/group_033-048/033_爬爬.png
034,化蝶,group_033-048,001-064,3,2,,"[810, 101, 927, 218]",raw_crops/group_033-048/034_化蝶.png,icons_128/group_033-048/034_化蝶.png
035,幽影树,group_033-048,001-064,3,3,,"[816, 213, 932, 329]",raw_crops/group_033-048/035_幽影树.png,icons_128/group_033-048/035_幽影树.png
036,小鼠獭,group_033-048,001-064,3,4,,"[826, 329, 928, 431]",raw_crops/group_033-048/036_小鼠獭.png,icons_128/group_033-048/036_小鼠獭.png
037,燕尾獭,group_033-048,001-064,3,5,,"[821, 426, 933, 538]",raw_crops/group_033-048/037_燕尾獭.png,icons_128/group_033-048/037_燕尾獭.png
038,卷胡巨獭,group_033-048,001-064,3,6,,"[818, 526, 936, 644]",raw_crops/group_033-048/038_卷胡巨獭.png,icons_128/group_033-048/038_卷胡巨獭.png
039,矿晶虫,group_033-048,001-064,3,7,,"[822, 641, 932, 751]",raw_crops/group_033-048/039_矿晶虫.png,icons_128/group_033-048/039_矿晶虫.png
040,晶石蜗,group_033-048,001-064,3,8,,"[816, 739, 934, 857]",raw_crops/group_033-048/040_晶石蜗.png,icons_128/group_033-048/040_晶石蜗.png
041,奇丽草,group_033-048,001-064,3,9,,"[821, 844, 937, 960]",raw_crops/group_033-048/041_奇丽草.png,icons_128/group_033-048/041_奇丽草.png
042,奇丽叶,group_033-048,001-064,3,10,,"[820, 943, 942, 1065]",raw_crops/group_033-048/042_奇丽叶.png,icons_128/group_033-048/042_奇丽叶.png
043,奇丽花,group_033-048,001-064,3,11,,"[820, 1051, 942, 1173]",raw_crops/group_033-048/043_奇丽花.png,icons_128/group_033-048/043_奇丽花.png
044,丢丢,group_033-048,001-064,3,12,,"[829, 1175, 932, 1278]",raw_crops/group_033-048/044_丢丢.png,icons_128/group_033-048/044_丢丢.png
045,卡卡虫,group_033-048,001-064,3,13,,"[825, 1274, 936, 1385]",raw_crops/group_033-048/045_卡卡虫.png,icons_128/group_033-048/045_卡卡虫.png
046,卡瓦重,group_033-048,001-064,3,14,,"[822, 1376, 939, 1493]",raw_crops/group_033-048/046_卡瓦重.png,icons_128/group_033-048/046_卡瓦重.png
047,护主犬,group_033-048,001-064,3,15,,"[828, 1493, 934, 1599]",raw_crops/group_033-048/047_护主犬.png,icons_128/group_033-048/047_护主犬.png
048,音速犬,group_033-048,001-064,3,16,,"[825, 1595, 936, 1706]",raw_crops/group_033-048/048_音速犬.png,icons_128/group_033-048/048_音速犬.png
049,绿耳松鼠,group_049-064,001-064,4,1,,"[1137, 3, 1245, 111]",raw_crops/group_049-064/049_绿耳松鼠.png,icons_128/group_049-064/049_绿耳松鼠.png
050,抱枕松鼠,group_049-064,001-064,4,2,,"[1129, 104, 1246, 221]",raw_crops/group_049-064/050_抱枕松鼠.png,icons_128/group_049-064/050_抱枕松鼠.png
051,蹦床松鼠,group_049-064,001-064,4,3,,"[1126, 202, 1252, 328]",raw_crops/group_049-064/051_蹦床松鼠.png,icons_128/group_049-064/051_蹦床松鼠.png
052,嘟嘟煲,group_049-064,001-064,4,4,,"[1138, 322, 1246, 430]",raw_crops/group_049-064/052_嘟嘟煲.png,icons_128/group_049-064/052_嘟嘟煲.png
053,嘟嘟锅,group_049-064,001-064,4,5,,"[1134, 422, 1249, 537]",raw_crops/group_049-064/053_嘟嘟锅.png,icons_128/group_049-064/053_嘟嘟锅.png
054,小灵面,group_049-064,001-064,4,6,,"[1140, 541, 1244, 645]",raw_crops/group_049-064/054_小灵面.png,icons_128/group_049-064/054_小灵面.png
055,暗影灵面,group_049-064,001-064,4,7,,"[1138, 646, 1245, 753]",raw_crops/group_049-064/055_暗影灵面.png,icons_128/group_049-064/055_暗影灵面.png
056,幽冥眼,group_049-064,001-064,4,8,,"[1136, 748, 1248, 860]",raw_crops/group_049-064/056_幽冥眼.png,icons_128/group_049-064/056_幽冥眼.png
057,梦游,group_049-064,001-064,4,9,,"[1142, 855, 1245, 958]",raw_crops/group_049-064/057_梦游.png,icons_128/group_049-064/057_梦游.png
058,梦悠悠,group_049-064,001-064,4,10,,"[1127, 954, 1245, 1072]",raw_crops/group_049-064/058_梦悠悠.png,icons_128/group_049-064/058_梦悠悠.png
059,兽花蕾,group_049-064,001-064,4,11,,"[1132, 1060, 1252, 1180]",raw_crops/group_049-064/059_兽花蕾.png,icons_128/group_049-064/059_兽花蕾.png
060,伏地兽,group_049-064,001-064,4,12,,"[1143, 1177, 1245, 1279]",raw_crops/group_049-064/060_伏地兽.png,icons_128/group_049-064/060_伏地兽.png
061,贪食鼹,group_049-064,001-064,4,13,,"[1140, 1278, 1247, 1385]",raw_crops/group_049-064/061_贪食鼹.png,icons_128/group_049-064/061_贪食鼹.png
062,巨噬针鼹,group_049-064,001-064,4,14,,"[1133, 1384, 1245, 1496]",raw_crops/group_049-064/062_巨噬针鼹.png,icons_128/group_049-064/062_巨噬针鼹.png
063,蹦蹦种子,group_049-064,001-064,4,15,,"[1142, 1497, 1245, 1600]",raw_crops/group_049-064/063_蹦蹦种子.png,icons_128/group_049-064/063_蹦蹦种子.png
064,蹦蹦草,group_049-064,001-064,4,16,,"[1138, 1594, 1250, 1706]",raw_crops/group_049-064/064_蹦蹦草.png,icons_128/group_049-064/064_蹦蹦草.png
065,蹦蹦花,group_065-080,065-128,1,1,"[287, 64]","[225, 2, 349, 126]",raw_crops/group_065-080/065_蹦蹦花.png,icons_128/group_065-080/065_蹦蹦花.png
066,电咩咩,group_065-080,065-128,1,2,"[287, 192]","[225, 130, 349, 254]",raw_crops/group_065-080/066_电咩咩.png,icons_128/group_065-080/066_电咩咩.png
067,粉咩咩,group_065-080,065-128,1,3,"[287, 320]","[225, 258, 349, 382]",raw_crops/group_065-080/067_粉咩咩.png,icons_128/group_065-080/067_粉咩咩.png
068,电球咩咩,group_065-080,065-128,1,4,"[287, 448]","[225, 386, 349, 510]",raw_crops/group_065-080/068_电球咩咩.png,icons_128/group_065-080/068_电球咩咩.png
069,蒲公英,group_065-080,065-128,1,5,"[287, 576]","[225, 514, 349, 638]",raw_crops/group_065-080/069_蒲公英.png,icons_128/group_065-080/069_蒲公英.png
070,蒲公英娃娃,group_065-080,065-128,1,6,"[287, 704]","[225, 642, 349, 766]",raw_crops/group_065-080/070_蒲公英娃娃.png,icons_128/group_065-080/070_蒲公英娃娃.png
071,伊贝儿,group_065-080,065-128,1,7,"[287, 832]","[225, 770, 349, 894]",raw_crops/group_065-080/071_伊贝儿.png,icons_128/group_065-080/071_伊贝儿.png
072,伊贝粉粉,group_065-080,065-128,1,8,"[287, 960]","[225, 898, 349, 1022]",raw_crops/group_065-080/072_伊贝粉粉.png,icons_128/group_065-080/072_伊贝粉粉.png
073,白发懒人,group_065-080,065-128,1,9,"[287, 1088]","[225, 1026, 349, 1150]",raw_crops/group_065-080/073_白发懒人.png,icons_128/group_065-080/073_白发懒人.png
074,动力猿,group_065-080,065-128,1,10,"[287, 1216]","[225, 1154, 349, 1278]",raw_crops/group_065-080/074_动力猿.png,icons_128/group_065-080/074_动力猿.png
075,瞌睡王,group_065-080,065-128,1,11,"[287, 1344]","[225, 1282, 349, 1406]",raw_crops/group_065-080/075_瞌睡王.png,icons_128/group_065-080/075_瞌睡王.png
076,海盔虫,group_065-080,065-128,1,12,"[287, 1472]","[225, 1410, 349, 1534]",raw_crops/group_065-080/076_海盔虫.png,icons_128/group_065-080/076_海盔虫.png
077,刺盔虫,group_065-080,065-128,1,13,"[287, 1600]","[225, 1538, 349, 1662]",raw_crops/group_065-080/077_刺盔虫.png,icons_128/group_065-080/077_刺盔虫.png
078,千棘盔,group_065-080,065-128,1,14,"[287, 1728]","[225, 1666, 349, 1790]",raw_crops/group_065-080/078_千棘盔.png,icons_128/group_065-080/078_千棘盔.png
079,菊花梨,group_065-080,065-128,1,15,"[287, 1856]","[225, 1794, 349, 1918]",raw_crops/group_065-080/079_菊花梨.png,icons_128/group_065-080/079_菊花梨.png
080,小星光,group_065-080,065-128,1,16,"[287, 1984]","[225, 1922, 349, 2046]",raw_crops/group_065-080/080_小星光.png,icons_128/group_065-080/080_小星光.png
081,星光狮,group_081-096,065-128,2,1,"[674, 64]","[612, 2, 736, 126]",raw_crops/group_081-096/081_星光狮.png,icons_128/group_081-096/081_星光狮.png
082,一窝蜂,group_081-096,065-128,2,2,"[674, 192]","[612, 130, 736, 254]",raw_crops/group_081-096/082_一窝蜂.png,icons_128/group_081-096/082_一窝蜂.png
083,黄蜂后,group_081-096,065-128,2,3,"[674, 320]","[612, 258, 736, 382]",raw_crops/group_081-096/083_黄蜂后.png,icons_128/group_081-096/083_黄蜂后.png
084,花魁蜂后,group_081-096,065-128,2,4,"[674, 448]","[612, 386, 736, 510]",raw_crops/group_081-096/084_花魁蜂后.png,icons_128/group_081-096/084_花魁蜂后.png
085,小夜,group_081-096,065-128,2,5,"[674, 576]","[612, 514, 736, 638]",raw_crops/group_081-096/085_小夜.png,icons_128/group_081-096/085_小夜.png
086,紫夜,group_081-096,065-128,2,6,"[674, 704]","[612, 642, 736, 766]",raw_crops/group_081-096/086_紫夜.png,icons_128/group_081-096/086_紫夜.png
087,朔夜伊芙,group_081-096,065-128,2,7,"[674, 832]","[612, 770, 736, 894]",raw_crops/group_081-096/087_朔夜伊芙.png,icons_128/group_081-096/087_朔夜伊芙.png
088,乖乖鹄,group_081-096,065-128,2,8,"[674, 960]","[612, 898, 736, 1022]",raw_crops/group_081-096/088_乖乖鹄.png,icons_128/group_081-096/088_乖乖鹄.png
089,蓝珠天鹅,group_081-096,065-128,2,9,"[674, 1088]","[612, 1026, 736, 1150]",raw_crops/group_081-096/089_蓝珠天鹅.png,icons_128/group_081-096/089_蓝珠天鹅.png
090,翠顶夫人,group_081-096,065-128,2,10,"[674, 1216]","[612, 1154, 736, 1278]",raw_crops/group_081-096/090_翠顶夫人.png,icons_128/group_081-096/090_翠顶夫人.png
091,黑羽夫人,group_081-096,065-128,2,11,"[674, 1344]","[612, 1282, 736, 1406]",raw_crops/group_081-096/091_黑羽夫人.png,icons_128/group_081-096/091_黑羽夫人.png
092,锤头鹳,group_081-096,065-128,2,12,"[674, 1472]","[612, 1410, 736, 1534]",raw_crops/group_081-096/092_锤头鹳.png,icons_128/group_081-096/092_锤头鹳.png
093,绿草精灵,group_081-096,065-128,2,13,"[674, 1600]","[612, 1538, 736, 1662]",raw_crops/group_081-096/093_绿草精灵.png,icons_128/group_081-096/093_绿草精灵.png
094,魔草巫灵,group_081-096,065-128,2,14,"[674, 1728]","[612, 1666, 736, 1790]",raw_crops/group_081-096/094_魔草巫灵.png,icons_128/group_081-096/094_魔草巫灵.png
095,记忆石,group_081-096,065-128,2,15,"[674, 1856]","[612, 1794, 736, 1918]",raw_crops/group_081-096/095_记忆石.png,icons_128/group_081-096/095_记忆石.png
096,咔咔羽毛,group_081-096,065-128,2,16,"[674, 1984]","[612, 1922, 736, 2046]",raw_crops/group_081-096/096_咔咔羽毛.png,icons_128/group_081-096/096_咔咔羽毛.png
097,咔咔雀,group_097-112,065-128,3,1,"[1055, 64]","[993, 2, 1117, 126]",raw_crops/group_097-112/097_咔咔雀.png,icons_128/group_097-112/097_咔咔雀.png
098,咔咔鸟,group_097-112,065-128,3,2,"[1055, 192]","[993, 130, 1117, 254]",raw_crops/group_097-112/098_咔咔鸟.png,icons_128/group_097-112/098_咔咔鸟.png
099,小草虫,group_097-112,065-128,3,3,"[1055, 320]","[993, 258, 1117, 382]",raw_crops/group_097-112/099_小草虫.png,icons_128/group_097-112/099_小草虫.png
100,草衣虫,group_097-112,065-128,3,4,"[1055, 448]","[993, 386, 1117, 510]",raw_crops/group_097-112/100_草衣虫.png,icons_128/group_097-112/100_草衣虫.png
101,花衣蝶,group_097-112,065-128,3,5,"[1055, 576]","[993, 514, 1117, 638]",raw_crops/group_097-112/101_花衣蝶.png,icons_128/group_097-112/101_花衣蝶.png
102,绿翼鸟,group_097-112,065-128,3,6,"[1055, 704]","[993, 642, 1117, 766]",raw_crops/group_097-112/102_绿翼鸟.png,icons_128/group_097-112/102_绿翼鸟.png
103,魔翼鸟,group_097-112,065-128,3,7,"[1055, 832]","[993, 770, 1117, 894]",raw_crops/group_097-112/103_魔翼鸟.png,icons_128/group_097-112/103_魔翼鸟.png
104,魔眷鸟,group_097-112,065-128,3,8,"[1055, 960]","[993, 898, 1117, 1022]",raw_crops/group_097-112/104_魔眷鸟.png,icons_128/group_097-112/104_魔眷鸟.png
105,阿米亚特,group_097-112,065-128,3,9,"[1055, 1088]","[993, 1026, 1117, 1150]",raw_crops/group_097-112/105_阿米亚特.png,icons_128/group_097-112/105_阿米亚特.png
106,阿米樱,group_097-112,065-128,3,10,"[1055, 1216]","[993, 1154, 1117, 1278]",raw_crops/group_097-112/106_阿米樱.png,icons_128/group_097-112/106_阿米樱.png
107,罗隐,group_097-112,065-128,3,11,"[1055, 1344]","[993, 1282, 1117, 1406]",raw_crops/group_097-112/107_罗隐.png,icons_128/group_097-112/107_罗隐.png
108,风铃鲨,group_097-112,065-128,3,12,"[1055, 1472]","[993, 1410, 1117, 1534]",raw_crops/group_097-112/108_风铃鲨.png,icons_128/group_097-112/108_风铃鲨.png
109,蓝蝶鲨,group_097-112,065-128,3,13,"[1055, 1600]","[993, 1538, 1117, 1662]",raw_crops/group_097-112/109_蓝蝶鲨.png,icons_128/group_097-112/109_蓝蝶鲨.png
110,彩蝶鲨,group_097-112,065-128,3,14,"[1055, 1728]","[993, 1666, 1117, 1790]",raw_crops/group_097-112/110_彩蝶鲨.png,icons_128/group_097-112/110_彩蝶鲨.png
111,石石,group_097-112,065-128,3,15,"[1055, 1856]","[993, 1794, 1117, 1918]",raw_crops/group_097-112/111_石石.png,icons_128/group_097-112/111_石石.png
112,巨灵石,group_097-112,065-128,3,16,"[1055, 1984]","[993, 1922, 1117, 2046]",raw_crops/group_097-112/112_巨灵石.png,icons_128/group_097-112/112_巨灵石.png
113,仪使者,group_113-128,065-128,4,1,"[1429, 64]","[1367, 2, 1491, 126]",raw_crops/group_113-128/113_仪使者.png,icons_128/group_113-128/113_仪使者.png
114,仪式之星,group_113-128,065-128,4,2,"[1429, 192]","[1367, 130, 1491, 254]",raw_crops/group_113-128/114_仪式之星.png,icons_128/group_113-128/114_仪式之星.png
115,仪式巨像,group_113-128,065-128,4,3,"[1429, 320]","[1367, 258, 1491, 382]",raw_crops/group_113-128/115_仪式巨像.png,icons_128/group_113-128/115_仪式巨像.png
116,小独角兽,group_113-128,065-128,4,4,"[1429, 448]","[1367, 386, 1491, 510]",raw_crops/group_113-128/116_小独角兽.png,icons_128/group_113-128/116_小独角兽.png
117,白金独角兽,group_113-128,065-128,4,5,"[1429, 576]","[1367, 514, 1491, 638]",raw_crops/group_113-128/117_白金独角兽.png,icons_128/group_113-128/117_白金独角兽.png
118,旋叶虫,group_113-128,065-128,4,6,"[1429, 704]","[1367, 642, 1491, 766]",raw_crops/group_113-128/118_旋叶虫.png,icons_128/group_113-128/118_旋叶虫.png
119,蓬叶虫,group_113-128,065-128,4,7,"[1429, 832]","[1367, 770, 1491, 894]",raw_crops/group_113-128/119_蓬叶虫.png,icons_128/group_113-128/119_蓬叶虫.png
120,风滚暮虫,group_113-128,065-128,4,8,"[1429, 960]","[1367, 898, 1491, 1022]",raw_crops/group_113-128/120_风滚暮虫.png,icons_128/group_113-128/120_风滚暮虫.png
121,小黑猫,group_113-128,065-128,4,9,"[1429, 1088]","[1367, 1026, 1491, 1150]",raw_crops/group_113-128/121_小黑猫.png,icons_128/group_113-128/121_小黑猫.png
122,黑猫巫师,group_113-128,065-128,4,10,"[1429, 1216]","[1367, 1154, 1491, 1278]",raw_crops/group_113-128/122_黑猫巫师.png,icons_128/group_113-128/122_黑猫巫师.png
123,忽幽狸,group_113-128,065-128,4,11,"[1429, 1344]","[1367, 1282, 1491, 1406]",raw_crops/group_113-128/123_忽幽狸.png,icons_128/group_113-128/123_忽幽狸.png
124,影狸,group_113-128,065-128,4,12,"[1429, 1472]","[1367, 1410, 1491, 1534]",raw_crops/group_113-128/124_影狸.png,icons_128/group_113-128/124_影狸.png
125,多多,group_113-128,065-128,4,13,"[1429, 1600]","[1367, 1538, 1491, 1662]",raw_crops/group_113-128/125_多多.png,icons_128/group_113-128/125_多多.png
126,多啦多,group_113-128,065-128,4,14,"[1429, 1728]","[1367, 1666, 1491, 1790]",raw_crops/group_113-128/126_多啦多.png,icons_128/group_113-128/126_多啦多.png
127,古啦多,group_113-128,065-128,4,15,"[1429, 1856]","[1367, 1794, 1491, 1918]",raw_crops/group_113-128/127_古啦多.png,icons_128/group_113-128/127_古啦多.png
128,哭哭菇,group_113-128,065-128,4,16,"[1429, 1984]","[1367, 1922, 1491, 2046]",raw_crops/group_113-128/128_哭哭菇.png,icons_128/group_113-128/128_哭哭菇.png
129,怖须菇,group_129-144,129-192,1,1,"[283, 64]","[221, 2, 345, 126]",raw_crops/group_129-144/129_怖须菇.png,icons_128/group_129-144/129_怖须菇.png
130,怖哭菇,group_129-144,129-192,1,2,"[283, 192]","[221, 130, 345, 254]",raw_crops/group_129-144/130_怖哭菇.png,icons_128/group_129-144/130_怖哭菇.png
131,恶魔狼,group_129-144,129-192,1,3,"[283, 320]","[221, 258, 345, 382]",raw_crops/group_129-144/131_恶魔狼.png,icons_128/group_129-144/131_恶魔狼.png
132,小电企鹅,group_129-144,129-192,1,4,"[283, 448]","[221, 386, 345, 510]",raw_crops/group_129-144/132_小电企鹅.png,icons_128/group_129-144/132_小电企鹅.png
133,电企鹅,group_129-144,129-192,1,5,"[283, 576]","[221, 514, 345, 638]",raw_crops/group_129-144/133_电企鹅.png,icons_128/group_129-144/133_电企鹅.png
134,雪豆丁,group_129-144,129-192,1,6,"[283, 704]","[221, 642, 345, 766]",raw_crops/group_129-144/134_雪豆丁.png,icons_128/group_129-144/134_雪豆丁.png
135,雪蛮人,group_129-144,129-192,1,7,"[283, 832]","[221, 770, 345, 894]",raw_crops/group_129-144/135_雪蛮人.png,icons_128/group_129-144/135_雪蛮人.png
136,雪巨人,group_129-144,129-192,1,8,"[283, 960]","[221, 898, 345, 1022]",raw_crops/group_129-144/136_雪巨人.png,icons_128/group_129-144/136_雪巨人.png
137,呼呼猪,group_129-144,129-192,1,9,"[283, 1088]","[221, 1026, 345, 1150]",raw_crops/group_129-144/137_呼呼猪.png,icons_128/group_129-144/137_呼呼猪.png
138,獠牙猪,group_129-144,129-192,1,10,"[283, 1216]","[221, 1154, 345, 1278]",raw_crops/group_129-144/138_獠牙猪.png,icons_128/group_129-144/138_獠牙猪.png
139,雪娃娃,group_129-144,129-192,1,11,"[283, 1344]","[221, 1282, 345, 1406]",raw_crops/group_129-144/139_雪娃娃.png,icons_128/group_129-144/139_雪娃娃.png
140,冰封怨灵,group_129-144,129-192,1,12,"[283, 1472]","[221, 1410, 345, 1534]",raw_crops/group_129-144/140_冰封怨灵.png,icons_128/group_129-144/140_冰封怨灵.png
141,雪灵,group_129-144,129-192,1,13,"[283, 1600]","[221, 1538, 345, 1662]",raw_crops/group_129-144/141_雪灵.png,icons_128/group_129-144/141_雪灵.png
142,大耳帽兜,group_129-144,129-192,1,14,"[283, 1728]","[221, 1666, 345, 1790]",raw_crops/group_129-144/142_大耳帽兜.png,icons_128/group_129-144/142_大耳帽兜.png
143,帽兜娃娃,group_129-144,129-192,1,15,"[283, 1856]","[221, 1794, 345, 1918]",raw_crops/group_129-144/143_帽兜娃娃.png,icons_128/group_129-144/143_帽兜娃娃.png
144,雪影娃娃,group_129-144,129-192,1,16,"[283, 1984]","[221, 1922, 345, 2046]",raw_crops/group_129-144/144_雪影娃娃.png,icons_128/group_129-144/144_雪影娃娃.png
145,权杖-Ⅱ,group_145-160,129-192,2,1,"[660, 64]","[598, 2, 722, 126]",raw_crops/group_145-160/145_权杖-Ⅱ.png,icons_128/group_145-160/145_权杖-Ⅱ.png
146,权杖-V,group_145-160,129-192,2,2,"[660, 192]","[598, 130, 722, 254]",raw_crops/group_145-160/146_权杖-V.png,icons_128/group_145-160/146_权杖-V.png
147,灵狐,group_145-160,129-192,2,3,"[660, 320]","[598, 258, 722, 382]",raw_crops/group_145-160/147_灵狐.png,icons_128/group_145-160/147_灵狐.png
148,九尾狐,group_145-160,129-192,2,4,"[660, 448]","[598, 386, 722, 510]",raw_crops/group_145-160/148_九尾狐.png,icons_128/group_145-160/148_九尾狐.png
149,尖嘴狐仙,group_145-160,129-192,2,5,"[660, 576]","[598, 514, 722, 638]",raw_crops/group_145-160/149_尖嘴狐仙.png,icons_128/group_145-160/149_尖嘴狐仙.png
150,里奥,group_145-160,129-192,2,6,"[660, 704]","[598, 642, 722, 766]",raw_crops/group_145-160/150_里奥.png,icons_128/group_145-160/150_里奥.png
151,灵羽勇士,group_145-160,129-192,2,7,"[660, 832]","[598, 770, 722, 894]",raw_crops/group_145-160/151_灵羽勇士.png,icons_128/group_145-160/151_灵羽勇士.png
152,圣羽翼王,group_145-160,129-192,2,8,"[660, 960]","[598, 898, 722, 1022]",raw_crops/group_145-160/152_圣羽翼王.png,icons_128/group_145-160/152_圣羽翼王.png
153,松仔,group_145-160,129-192,2,9,"[660, 1088]","[598, 1026, 722, 1150]",raw_crops/group_145-160/153_松仔.png,icons_128/group_145-160/153_松仔.png
154,松叶羊,group_145-160,129-192,2,10,"[660, 1216]","[598, 1154, 722, 1278]",raw_crops/group_145-160/154_松叶羊.png,icons_128/group_145-160/154_松叶羊.png
155,针叶巡林,group_145-160,129-192,2,11,"[660, 1344]","[598, 1282, 722, 1406]",raw_crops/group_145-160/155_针叶巡林.png,icons_128/group_145-160/155_针叶巡林.png
156,小勇狮,group_145-160,129-192,2,12,"[660, 1472]","[598, 1410, 722, 1534]",raw_crops/group_145-160/156_小勇狮.png,icons_128/group_145-160/156_小勇狮.png
157,炽焰狮,group_145-160,129-192,2,13,"[660, 1600]","[598, 1538, 722, 1662]",raw_crops/group_145-160/157_炽焰狮.png,icons_128/group_145-160/157_炽焰狮.png
158,炽心勇狮,group_145-160,129-192,2,14,"[660, 1728]","[598, 1666, 722, 1790]",raw_crops/group_145-160/158_炽心勇狮.png,icons_128/group_145-160/158_炽心勇狮.png
159,水滴蛇,group_145-160,129-192,2,15,"[660, 1856]","[598, 1794, 722, 1918]",raw_crops/group_145-160/159_水滴蛇.png,icons_128/group_145-160/159_水滴蛇.png
160,水蛇锁,group_145-160,129-192,2,16,"[660, 1984]","[598, 1922, 722, 2046]",raw_crops/group_145-160/160_水蛇锁.png,icons_128/group_145-160/160_水蛇锁.png
161,游蛇魔使,group_161-176,129-192,3,1,"[1048, 64]","[986, 2, 1110, 126]",raw_crops/group_161-176/161_游蛇魔使.png,icons_128/group_161-176/161_游蛇魔使.png
162,公平鸽,group_161-176,129-192,3,2,"[1048, 192]","[986, 130, 1110, 254]",raw_crops/group_161-176/162_公平鸽.png,icons_128/group_161-176/162_公平鸽.png
163,小怂猫,group_161-176,129-192,3,3,"[1048, 320]","[986, 258, 1110, 382]",raw_crops/group_161-176/163_小怂猫.png,icons_128/group_161-176/163_小怂猫.png
164,怒目怂猫,group_161-176,129-192,3,4,"[1048, 448]","[986, 386, 1110, 510]",raw_crops/group_161-176/164_怒目怂猫.png,icons_128/group_161-176/164_怒目怂猫.png
165,小狮鹫,group_161-176,129-192,3,5,"[1048, 576]","[986, 514, 1110, 638]",raw_crops/group_161-176/165_小狮鹫.png,icons_128/group_161-176/165_小狮鹫.png
166,神圣狮鹫,group_161-176,129-192,3,6,"[1048, 704]","[986, 642, 1110, 766]",raw_crops/group_161-176/166_神圣狮鹫.png,icons_128/group_161-176/166_神圣狮鹫.png
167,皇家狮鹫,group_161-176,129-192,3,7,"[1048, 832]","[986, 770, 1110, 894]",raw_crops/group_161-176/167_皇家狮鹫.png,icons_128/group_161-176/167_皇家狮鹫.png
168,圆眼蜘蛛,group_161-176,129-192,3,8,"[1048, 960]","[986, 898, 1110, 1022]",raw_crops/group_161-176/168_圆眼蜘蛛.png,icons_128/group_161-176/168_圆眼蜘蛛.png
169,尖角蜘蛛,group_161-176,129-192,3,9,"[1048, 1088]","[986, 1026, 1110, 1150]",raw_crops/group_161-176/169_尖角蜘蛛.png,icons_128/group_161-176/169_尖角蜘蛛.png
170,芋香巨角蛛,group_161-176,129-192,3,10,"[1048, 1216]","[986, 1154, 1110, 1278]",raw_crops/group_161-176/170_芋香巨角蛛.png,icons_128/group_161-176/170_芋香巨角蛛.png
171,波波螺,group_161-176,129-192,3,11,"[1048, 1344]","[986, 1282, 1110, 1406]",raw_crops/group_161-176/171_波波螺.png,icons_128/group_161-176/171_波波螺.png
172,消波螺,group_161-176,129-192,3,12,"[1048, 1472]","[986, 1410, 1110, 1534]",raw_crops/group_161-176/172_消波螺.png,icons_128/group_161-176/172_消波螺.png
173,嗜波螺,group_161-176,129-192,3,13,"[1048, 1600]","[986, 1538, 1110, 1662]",raw_crops/group_161-176/173_嗜波螺.png,icons_128/group_161-176/173_嗜波螺.png
174,菇菇丁,group_161-176,129-192,3,14,"[1048, 1728]","[986, 1666, 1110, 1790]",raw_crops/group_161-176/174_菇菇丁.png,icons_128/group_161-176/174_菇菇丁.png
175,多菇丁,group_161-176,129-192,3,15,"[1048, 1856]","[986, 1794, 1110, 1918]",raw_crops/group_161-176/175_多菇丁.png,icons_128/group_161-176/175_多菇丁.png
176,九幽菇,group_161-176,129-192,3,16,"[1048, 1984]","[986, 1922, 1110, 2046]",raw_crops/group_161-176/176_九幽菇.png,icons_128/group_161-176/176_九幽菇.png
177,斑斑,group_177-192,129-192,4,1,"[1431, 64]","[1369, 2, 1493, 126]",raw_crops/group_177-192/177_斑斑.png,icons_128/group_177-192/177_斑斑.png
178,斑枭,group_177-192,129-192,4,2,"[1431, 192]","[1369, 130, 1493, 254]",raw_crops/group_177-192/178_斑枭.png,icons_128/group_177-192/178_斑枭.png
179,草头鸭,group_177-192,129-192,4,3,"[1431, 320]","[1369, 258, 1493, 382]",raw_crops/group_177-192/179_草头鸭.png,icons_128/group_177-192/179_草头鸭.png
180,卷毛鸭,group_177-192,129-192,4,4,"[1431, 448]","[1369, 386, 1493, 510]",raw_crops/group_177-192/180_卷毛鸭.png,icons_128/group_177-192/180_卷毛鸭.png
181,海豹战士,group_177-192,129-192,4,5,"[1431, 576]","[1369, 514, 1493, 638]",raw_crops/group_177-192/181_海豹战士.png,icons_128/group_177-192/181_海豹战士.png
182,海豹船长,group_177-192,129-192,4,6,"[1431, 704]","[1369, 642, 1493, 766]",raw_crops/group_177-192/182_海豹船长.png,icons_128/group_177-192/182_海豹船长.png
183,号儿鱼,group_177-192,129-192,4,7,"[1431, 832]","[1369, 770, 1493, 894]",raw_crops/group_177-192/183_号儿鱼.png,icons_128/group_177-192/183_号儿鱼.png
184,圆号鱼,group_177-192,129-192,4,8,"[1431, 960]","[1369, 898, 1493, 1022]",raw_crops/group_177-192/184_圆号鱼.png,icons_128/group_177-192/184_圆号鱼.png
185,甜田螺,group_177-192,129-192,4,9,"[1431, 1088]","[1369, 1026, 1493, 1150]",raw_crops/group_177-192/185_甜田螺.png,icons_128/group_177-192/185_甜田螺.png
186,壳乙螺,group_177-192,129-192,4,10,"[1431, 1216]","[1369, 1154, 1493, 1278]",raw_crops/group_177-192/186_壳乙螺.png,icons_128/group_177-192/186_壳乙螺.png
187,卡洛儿,group_177-192,129-192,4,11,"[1431, 1344]","[1369, 1282, 1493, 1406]",raw_crops/group_177-192/187_卡洛儿.png,icons_128/group_177-192/187_卡洛儿.png
188,棋棋,group_177-192,129-192,4,12,"[1431, 1472]","[1369, 1410, 1493, 1534]",raw_crops/group_177-192/188_棋棋.png,icons_128/group_177-192/188_棋棋.png
189,棋骑士,group_177-192,129-192,4,13,"[1431, 1600]","[1369, 1538, 1493, 1662]",raw_crops/group_177-192/189_棋骑士.png,icons_128/group_177-192/189_棋骑士.png
190,棋齐垒,group_177-192,129-192,4,14,"[1431, 1728]","[1369, 1666, 1493, 1790]",raw_crops/group_177-192/190_棋齐垒.png,icons_128/group_177-192/190_棋齐垒.png
191,棋祈督,group_177-192,129-192,4,15,"[1431, 1856]","[1369, 1794, 1493, 1918]",raw_crops/group_177-192/191_棋祈督.png,icons_128/group_177-192/191_棋祈督.png
192,棋绮后,group_177-192,129-192,4,16,"[1431, 1984]","[1369, 1922, 1493, 2046]",raw_crops/group_177-192/192_棋绮后.png,icons_128/group_177-192/192_棋绮后.png
193,奔波鼠,group_193-232_col1,193-256,1,1,"[284, 64]","[222, 2, 346, 126]",raw_crops/group_193-232_col1/193_奔波鼠.png,icons_128/group_193-232_col1/193_奔波鼠.png
194,流浪鼠,group_193-232_col1,193-256,1,2,"[284, 192]","[222, 130, 346, 254]",raw_crops/group_193-232_col1/194_流浪鼠.png,icons_128/group_193-232_col1/194_流浪鼠.png
195,呆小路,group_193-232_col1,193-256,1,3,"[284, 320]","[222, 258, 346, 382]",raw_crops/group_193-232_col1/195_呆小路.png,icons_128/group_193-232_col1/195_呆小路.png
196,舞动路路,group_193-232_col1,193-256,1,4,"[284, 448]","[222, 386, 346, 510]",raw_crops/group_193-232_col1/196_舞动路路.png,icons_128/group_193-232_col1/196_舞动路路.png
197,白发路路,group_193-232_col1,193-256,1,5,"[284, 576]","[222, 514, 346, 638]",raw_crops/group_193-232_col1/197_白发路路.png,icons_128/group_193-232_col1/197_白发路路.png
198,逗逗,group_193-232_col1,193-256,1,6,"[284, 704]","[222, 642, 346, 766]",raw_crops/group_193-232_col1/198_逗逗.png,icons_128/group_193-232_col1/198_逗逗.png
199,气球猫,group_193-232_col1,193-256,1,7,"[284, 832]","[222, 770, 346, 894]",raw_crops/group_193-232_col1/199_气球猫.png,icons_128/group_193-232_col1/199_气球猫.png
200,梦想三三,group_193-232_col1,193-256,1,8,"[284, 960]","[222, 898, 346, 1022]",raw_crops/group_193-232_col1/200_梦想三三.png,icons_128/group_193-232_col1/200_梦想三三.png
201,花怨鳗,group_201-240_col2,193-256,2,1,"[674, 64]","[612, 2, 736, 126]",raw_crops/group_201-240_col2/201_花怨鳗.png,icons_128/group_201-240_col2/201_花怨鳗.png
202,鳗尾兽,group_201-240_col2,193-256,2,2,"[674, 192]","[612, 130, 736, 254]",raw_crops/group_201-240_col2/202_鳗尾兽.png,icons_128/group_201-240_col2/202_鳗尾兽.png
203,伊雷龙,group_201-240_col2,193-256,2,3,"[674, 320]","[612, 258, 736, 382]",raw_crops/group_201-240_col2/203_伊雷龙.png,icons_128/group_201-240_col2/203_伊雷龙.png
204,伊兰亚龙,group_201-240_col2,193-256,2,4,"[674, 448]","[612, 386, 736, 510]",raw_crops/group_201-240_col2/204_伊兰亚龙.png,icons_128/group_201-240_col2/204_伊兰亚龙.png
205,拉特,group_201-240_col2,193-256,2,5,"[674, 576]","[612, 514, 736, 638]",raw_crops/group_201-240_col2/205_拉特.png,icons_128/group_201-240_col2/205_拉特.png
206,酷拉,group_201-240_col2,193-256,2,6,"[674, 704]","[612, 642, 736, 766]",raw_crops/group_201-240_col2/206_酷拉.png,icons_128/group_201-240_col2/206_酷拉.png
207,闪电环,group_201-240_col2,193-256,2,7,"[674, 832]","[612, 770, 736, 894]",raw_crops/group_201-240_col2/207_闪电环.png,icons_128/group_201-240_col2/207_闪电环.png
208,刺电环,group_201-240_col2,193-256,2,8,"[674, 960]","[612, 898, 736, 1022]",raw_crops/group_201-240_col2/208_刺电环.png,icons_128/group_201-240_col2/208_刺电环.png
209,荆棘电环,group_209-248_col3,193-256,3,1,"[1050, 64]","[988, 2, 1112, 126]",raw_crops/group_209-248_col3/209_荆棘电环.png,icons_128/group_209-248_col3/209_荆棘电环.png
210,小箱怪,group_209-248_col3,193-256,3,2,"[1050, 192]","[988, 130, 1112, 254]",raw_crops/group_209-248_col3/210_小箱怪.png,icons_128/group_209-248_col3/210_小箱怪.png
211,迷迷箱怪,group_209-248_col3,193-256,3,3,"[1050, 320]","[988, 258, 1112, 382]",raw_crops/group_209-248_col3/211_迷迷箱怪.png,icons_128/group_209-248_col3/211_迷迷箱怪.png
212,古钟蛇,group_209-248_col3,193-256,3,4,"[1050, 448]","[988, 386, 1112, 510]",raw_crops/group_209-248_col3/212_古钟蛇.png,icons_128/group_209-248_col3/212_古钟蛇.png
213,寒音蛇,group_209-248_col3,193-256,3,5,"[1050, 576]","[988, 514, 1112, 638]",raw_crops/group_209-248_col3/213_寒音蛇.png,icons_128/group_209-248_col3/213_寒音蛇.png
214,矮脚爬爬,group_209-248_col3,193-256,3,6,"[1050, 704]","[988, 642, 1112, 766]",raw_crops/group_209-248_col3/214_矮脚爬爬.png,icons_128/group_209-248_col3/214_矮脚爬爬.png
215,恶魔红钻,group_209-248_col3,193-256,3,7,"[1050, 832]","[988, 770, 1112, 894]",raw_crops/group_209-248_col3/215_恶魔红钻.png,icons_128/group_209-248_col3/215_恶魔红钻.png
216,火尾瓦特,group_209-248_col3,193-256,3,8,"[1050, 960]","[988, 898, 1112, 1022]",raw_crops/group_209-248_col3/216_火尾瓦特.png,icons_128/group_209-248_col3/216_火尾瓦特.png
217,火尾战士,group_217-256_col4,193-256,4,1,"[1436, 64]","[1374, 2, 1498, 126]",raw_crops/group_217-256_col4/217_火尾战士.png,icons_128/group_217-256_col4/217_火尾战士.png
218,烈火守护,group_217-256_col4,193-256,4,2,"[1436, 192]","[1374, 130, 1498, 254]",raw_crops/group_217-256_col4/218_烈火守护.png,icons_128/group_217-256_col4/218_烈火守护.png
219,里拉鳐,group_217-256_col4,193-256,4,3,"[1436, 320]","[1374, 258, 1498, 382]",raw_crops/group_217-256_col4/219_里拉鳐.png,icons_128/group_217-256_col4/219_里拉鳐.png
220,海枝枝,group_217-256_col4,193-256,4,4,"[1436, 448]","[1374, 386, 1498, 510]",raw_crops/group_217-256_col4/220_海枝枝.png,icons_128/group_217-256_col4/220_海枝枝.png
221,多西,group_217-256_col4,193-256,4,5,"[1436, 576]","[1374, 514, 1498, 638]",raw_crops/group_217-256_col4/221_多西.png,icons_128/group_217-256_col4/221_多西.png
222,库多西,group_217-256_col4,193-256,4,6,"[1436, 704]","[1374, 642, 1498, 766]",raw_crops/group_217-256_col4/222_库多西.png,icons_128/group_217-256_col4/222_库多西.png
223,波多西,group_217-256_col4,193-256,4,7,"[1436, 832]","[1374, 770, 1498, 894]",raw_crops/group_217-256_col4/223_波多西.png,icons_128/group_217-256_col4/223_波多西.png
224,小翼龙,group_217-256_col4,193-256,4,8,"[1436, 960]","[1374, 898, 1498, 1022]",raw_crops/group_217-256_col4/224_小翼龙.png,icons_128/group_217-256_col4/224_小翼龙.png
225,翼龙,group_193-232_col1,193-256,1,9,"[284, 1088]","[222, 1026, 346, 1150]",raw_crops/group_193-232_col1/225_翼龙.png,icons_128/group_193-232_col1/225_翼龙.png
226,电动长颈鹿,group_193-232_col1,193-256,1,10,"[284, 1216]","[222, 1154, 346, 1278]",raw_crops/group_193-232_col1/226_电动长颈鹿.png,icons_128/group_193-232_col1/226_电动长颈鹿.png
227,奔乐鹿,group_193-232_col1,193-256,1,11,"[284, 1344]","[222, 1282, 346, 1406]",raw_crops/group_193-232_col1/227_奔乐鹿.png,icons_128/group_193-232_col1/227_奔乐鹿.png
228,爵士鹿,group_193-232_col1,193-256,1,12,"[284, 1472]","[222, 1410, 346, 1534]",raw_crops/group_193-232_col1/228_爵士鹿.png,icons_128/group_193-232_col1/228_爵士鹿.png
229,缇塔,group_193-232_col1,193-256,1,13,"[284, 1600]","[222, 1538, 346, 1662]",raw_crops/group_193-232_col1/229_缇塔.png,icons_128/group_193-232_col1/229_缇塔.png
230,声波缇塔,group_193-232_col1,193-256,1,14,"[284, 1728]","[222, 1666, 346, 1790]",raw_crops/group_193-232_col1/230_声波缇塔.png,icons_128/group_193-232_col1/230_声波缇塔.png
231,小鹬,group_193-232_col1,193-256,1,15,"[284, 1856]","[222, 1794, 346, 1918]",raw_crops/group_193-232_col1/231_小鹬.png,icons_128/group_193-232_col1/231_小鹬.png
232,鄙目鹬,group_193-232_col1,193-256,1,16,"[284, 1984]","[222, 1922, 346, 2046]",raw_crops/group_193-232_col1/232_鄙目鹬.png,icons_128/group_193-232_col1/232_鄙目鹬.png
233,高脚鹬,group_201-240_col2,193-256,2,9,"[674, 1088]","[612, 1026, 736, 1150]",raw_crops/group_201-240_col2/233_高脚鹬.png,icons_128/group_201-240_col2/233_高脚鹬.png
234,脆筒甜甜,group_201-240_col2,193-256,2,10,"[674, 1216]","[612, 1154, 736, 1278]",raw_crops/group_201-240_col2/234_脆筒甜甜.png,icons_128/group_201-240_col2/234_脆筒甜甜.png
235,香草甜甜,group_201-240_col2,193-256,2,11,"[674, 1344]","[612, 1282, 736, 1406]",raw_crops/group_201-240_col2/235_香草甜甜.png,icons_128/group_201-240_col2/235_香草甜甜.png
236,圣代甜甜,group_201-240_col2,193-256,2,12,"[674, 1472]","[612, 1410, 736, 1534]",raw_crops/group_201-240_col2/236_圣代甜甜.png,icons_128/group_201-240_col2/236_圣代甜甜.png
237,刺轮砣,group_201-240_col2,193-256,2,13,"[674, 1600]","[612, 1538, 736, 1662]",raw_crops/group_201-240_col2/237_刺轮砣.png,icons_128/group_201-240_col2/237_刺轮砣.png
238,月亮砣,group_201-240_col2,193-256,2,14,"[674, 1728]","[612, 1666, 736, 1790]",raw_crops/group_201-240_col2/238_月亮砣.png,icons_128/group_201-240_col2/238_月亮砣.png
239,豆丁鱼,group_201-240_col2,193-256,2,15,"[674, 1856]","[612, 1794, 736, 1918]",raw_crops/group_201-240_col2/239_豆丁鱼.png,icons_128/group_201-240_col2/239_豆丁鱼.png
240,快鳍鱼,group_201-240_col2,193-256,2,16,"[674, 1984]","[612, 1922, 736, 2046]",raw_crops/group_201-240_col2/240_快鳍鱼.png,icons_128/group_201-240_col2/240_快鳍鱼.png
241,龙鱼,group_209-248_col3,193-256,3,9,"[1050, 1088]","[988, 1026, 1112, 1150]",raw_crops/group_209-248_col3/241_龙鱼.png,icons_128/group_209-248_col3/241_龙鱼.png
242,胆小鳗鱼,group_209-248_col3,193-256,3,10,"[1050, 1216]","[988, 1154, 1112, 1278]",raw_crops/group_209-248_col3/242_胆小鳗鱼.png,icons_128/group_209-248_col3/242_胆小鳗鱼.png
243,闪电鳗鱼,group_209-248_col3,193-256,3,11,"[1050, 1344]","[988, 1282, 1112, 1406]",raw_crops/group_209-248_col3/243_闪电鳗鱼.png,icons_128/group_209-248_col3/243_闪电鳗鱼.png
244,翡翠水母,group_209-248_col3,193-256,3,12,"[1050, 1472]","[988, 1410, 1112, 1534]",raw_crops/group_209-248_col3/244_翡翠水母.png,icons_128/group_209-248_col3/244_翡翠水母.png
245,琉璃水母,group_209-248_col3,193-256,3,13,"[1050, 1600]","[988, 1538, 1112, 1662]",raw_crops/group_209-248_col3/245_琉璃水母.png,icons_128/group_209-248_col3/245_琉璃水母.png
246,裘洛,group_209-248_col3,193-256,3,14,"[1050, 1728]","[988, 1666, 1112, 1790]",raw_crops/group_209-248_col3/246_裘洛.png,icons_128/group_209-248_col3/246_裘洛.png
247,裘力,group_209-248_col3,193-256,3,15,"[1050, 1856]","[988, 1794, 1112, 1918]",raw_crops/group_209-248_col3/247_裘力.png,icons_128/group_209-248_col3/247_裘力.png
248,裘卡,group_209-248_col3,193-256,3,16,"[1050, 1984]","[988, 1922, 1112, 2046]",raw_crops/group_209-248_col3/248_裘卡.png,icons_128/group_209-248_col3/248_裘卡.png
249,可爱猿,group_217-256_col4,193-256,4,9,"[1436, 1088]","[1374, 1026, 1498, 1150]",raw_crops/group_217-256_col4/249_可爱猿.png,icons_128/group_217-256_col4/249_可爱猿.png
250,炽热猿,group_217-256_col4,193-256,4,10,"[1436, 1216]","[1374, 1154, 1498, 1278]",raw_crops/group_217-256_col4/250_炽热猿.png,icons_128/group_217-256_col4/250_炽热猿.png
251,火焰猿,group_217-256_col4,193-256,4,11,"[1436, 1344]","[1374, 1282, 1498, 1406]",raw_crops/group_217-256_col4/251_火焰猿.png,icons_128/group_217-256_col4/251_火焰猿.png
252,布鲁斯,group_217-256_col4,193-256,4,12,"[1436, 1472]","[1374, 1410, 1498, 1534]",raw_crops/group_217-256_col4/252_布鲁斯.png,icons_128/group_217-256_col4/252_布鲁斯.png
253,雪顶布鲁斯,group_217-256_col4,193-256,4,13,"[1436, 1600]","[1374, 1538, 1498, 1662]",raw_crops/group_217-256_col4/253_雪顶布鲁斯.png,icons_128/group_217-256_col4/253_雪顶布鲁斯.png
254,冰钻布鲁斯,group_217-256_col4,193-256,4,14,"[1436, 1728]","[1374, 1666, 1498, 1790]",raw_crops/group_217-256_col4/254_冰钻布鲁斯.png,icons_128/group_217-256_col4/254_冰钻布鲁斯.png
255,治愈兔,group_217-256_col4,193-256,4,15,"[1436, 1856]","[1374, 1794, 1498, 1918]",raw_crops/group_217-256_col4/255_治愈兔.png,icons_128/group_217-256_col4/255_治愈兔.png
256,红丝绒,group_217-256_col4,193-256,4,16,"[1436, 1984]","[1374, 1922, 1498, 2046]",raw_crops/group_217-256_col4/256_红丝绒.png,icons_128/group_217-256_col4/256_红丝绒.png
257,红绒十字,group_257-272,257-320,1,1,"[277, 64]","[215, 2, 339, 126]",raw_crops/group_257-272/257_红绒十字.png,icons_128/group_257-272/257_红绒十字.png
258,乌达,group_257-272,257-320,1,2,"[277, 192]","[215, 130, 339, 254]",raw_crops/group_257-272/258_乌达.png,icons_128/group_257-272/258_乌达.png
259,迷你乌,group_257-272,257-320,1,3,"[277, 320]","[215, 258, 339, 382]",raw_crops/group_257-272/259_迷你乌.png,icons_128/group_257-272/259_迷你乌.png
260,乌拉塔,group_257-272,257-320,1,4,"[277, 448]","[215, 386, 339, 510]",raw_crops/group_257-272/260_乌拉塔.png,icons_128/group_257-272/260_乌拉塔.png
261,螺旋帕帕,group_257-272,257-320,1,5,"[277, 576]","[215, 514, 339, 638]",raw_crops/group_257-272/261_螺旋帕帕.png,icons_128/group_257-272/261_螺旋帕帕.png
262,帕帕斯卡,group_257-272,257-320,1,6,"[277, 704]","[215, 642, 339, 766]",raw_crops/group_257-272/262_帕帕斯卡.png,icons_128/group_257-272/262_帕帕斯卡.png
263,机械方方,group_257-272,257-320,1,7,"[277, 832]","[215, 770, 339, 894]",raw_crops/group_257-272/263_机械方方.png,icons_128/group_257-272/263_机械方方.png
264,多彩方方,group_257-272,257-320,1,8,"[277, 960]","[215, 898, 339, 1022]",raw_crops/group_257-272/264_多彩方方.png,icons_128/group_257-272/264_多彩方方.png
265,立方人,group_257-272,257-320,1,9,"[277, 1088]","[215, 1026, 339, 1150]",raw_crops/group_257-272/265_立方人.png,icons_128/group_257-272/265_立方人.png
266,可立鸡,group_257-272,257-320,1,10,"[277, 1216]","[215, 1154, 339, 1278]",raw_crops/group_257-272/266_可立鸡.png,icons_128/group_257-272/266_可立鸡.png
267,晕晕鸡,group_257-272,257-320,1,11,"[277, 1344]","[215, 1282, 339, 1406]",raw_crops/group_257-272/267_晕晕鸡.png,icons_128/group_257-272/267_晕晕鸡.png
268,绅士鸡,group_257-272,257-320,1,12,"[277, 1472]","[215, 1410, 339, 1534]",raw_crops/group_257-272/268_绅士鸡.png,icons_128/group_257-272/268_绅士鸡.png
269,武者鸡,group_257-272,257-320,1,13,"[277, 1600]","[215, 1538, 339, 1662]",raw_crops/group_257-272/269_武者鸡.png,icons_128/group_257-272/269_武者鸡.png
270,优优,group_257-272,257-320,1,14,"[277, 1728]","[215, 1666, 339, 1790]",raw_crops/group_257-272/270_优优.png,icons_128/group_257-272/270_优优.png
271,绒光优优,group_257-272,257-320,1,15,"[277, 1856]","[215, 1794, 339, 1918]",raw_crops/group_257-272/271_绒光优优.png,icons_128/group_257-272/271_绒光优优.png
272,噼啪鸟,group_257-272,257-320,1,16,"[277, 1984]","[215, 1922, 339, 2046]",raw_crops/group_257-272/272_噼啪鸟.png,icons_128/group_257-272/272_噼啪鸟.png
273,深蓝鲸,group_273-288,257-320,2,1,"[669, 64]","[607, 2, 731, 126]",raw_crops/group_273-288/273_深蓝鲸.png,icons_128/group_273-288/273_深蓝鲸.png
274,格兰种子,group_273-288,257-320,2,2,"[669, 192]","[607, 130, 731, 254]",raw_crops/group_273-288/274_格兰种子.png,icons_128/group_273-288/274_格兰种子.png
275,格兰花,group_273-288,257-320,2,3,"[669, 320]","[607, 258, 731, 382]",raw_crops/group_273-288/275_格兰花.png,icons_128/group_273-288/275_格兰花.png
276,格兰球,group_273-288,257-320,2,4,"[669, 448]","[607, 386, 731, 510]",raw_crops/group_273-288/276_格兰球.png,icons_128/group_273-288/276_格兰球.png
277,地鼠,group_273-288,257-320,2,5,"[669, 576]","[607, 514, 731, 638]",raw_crops/group_273-288/277_地鼠.png,icons_128/group_273-288/277_地鼠.png
278,遁鼠,group_273-288,257-320,2,6,"[669, 704]","[607, 642, 731, 766]",raw_crops/group_273-288/278_遁鼠.png,icons_128/group_273-288/278_遁鼠.png
279,遁地鼠,group_273-288,257-320,2,7,"[669, 832]","[607, 770, 731, 894]",raw_crops/group_273-288/279_遁地鼠.png,icons_128/group_273-288/279_遁地鼠.png
280,墨鱿士,group_273-288,257-320,2,8,"[669, 960]","[607, 898, 731, 1022]",raw_crops/group_273-288/280_墨鱿士.png,icons_128/group_273-288/280_墨鱿士.png
281,混乱鱿彩,group_273-288,257-320,2,9,"[669, 1088]","[607, 1026, 731, 1150]",raw_crops/group_273-288/281_混乱鱿彩.png,icons_128/group_273-288/281_混乱鱿彩.png
282,秩序鱿墨,group_273-288,257-320,2,10,"[669, 1216]","[607, 1154, 731, 1278]",raw_crops/group_273-288/282_秩序鱿墨.png,icons_128/group_273-288/282_秩序鱿墨.png
283,小甲虫,group_273-288,257-320,2,11,"[669, 1344]","[607, 1282, 731, 1406]",raw_crops/group_273-288/283_小甲虫.png,icons_128/group_273-288/283_小甲虫.png
284,铠甲虫,group_273-288,257-320,2,12,"[669, 1472]","[607, 1410, 731, 1534]",raw_crops/group_273-288/284_铠甲虫.png,icons_128/group_273-288/284_铠甲虫.png
285,圣剑侍从,group_273-288,257-320,2,13,"[669, 1600]","[607, 1538, 731, 1662]",raw_crops/group_273-288/285_圣剑侍从.png,icons_128/group_273-288/285_圣剑侍从.png
286,圣剑-X,group_273-288,257-320,2,14,"[669, 1728]","[607, 1666, 731, 1790]",raw_crops/group_273-288/286_圣剑-X.png,icons_128/group_273-288/286_圣剑-X.png
287,吸泥鸥,group_273-288,257-320,2,15,"[669, 1856]","[607, 1794, 731, 1918]",raw_crops/group_273-288/287_吸泥鸥.png,icons_128/group_273-288/287_吸泥鸥.png
288,泥吼牙,group_273-288,257-320,2,16,"[669, 1984]","[607, 1922, 731, 2046]",raw_crops/group_273-288/288_泥吼牙.png,icons_128/group_273-288/288_泥吼牙.png
289,大头骨龙,group_289-304,257-320,3,1,"[1049, 64]","[987, 2, 1111, 126]",raw_crops/group_289-304/289_大头骨龙.png,icons_128/group_289-304/289_大头骨龙.png
290,寂灭骨龙,group_289-304,257-320,3,2,"[1049, 192]","[987, 130, 1111, 254]",raw_crops/group_289-304/290_寂灭骨龙.png,icons_128/group_289-304/290_寂灭骨龙.png
291,厉毒小萝,group_289-304,257-320,3,3,"[1049, 320]","[987, 258, 1111, 382]",raw_crops/group_289-304/291_厉毒小萝.png,icons_128/group_289-304/291_厉毒小萝.png
292,厉毒修萝,group_289-304,257-320,3,4,"[1049, 448]","[987, 386, 1111, 510]",raw_crops/group_289-304/292_厉毒修萝.png,icons_128/group_289-304/292_厉毒修萝.png
293,小帕尔,group_289-304,257-320,3,5,"[1049, 576]","[987, 514, 1111, 638]",raw_crops/group_289-304/293_小帕尔.png,icons_128/group_289-304/293_小帕尔.png
294,帕尔萨斯,group_289-304,257-320,3,6,"[1049, 704]","[987, 642, 1111, 766]",raw_crops/group_289-304/294_帕尔萨斯.png,icons_128/group_289-304/294_帕尔萨斯.png
295,龙息帕尔,group_289-304,257-320,3,7,"[1049, 832]","[987, 770, 1111, 894]",raw_crops/group_289-304/295_龙息帕尔.png,icons_128/group_289-304/295_龙息帕尔.png
296,毛头小蛛,group_289-304,257-320,3,8,"[1049, 960]","[987, 898, 1111, 1022]",raw_crops/group_289-304/296_毛头小蛛.png,icons_128/group_289-304/296_毛头小蛛.png
297,捕尘长绒,group_289-304,257-320,3,9,"[1049, 1088]","[987, 1026, 1111, 1150]",raw_crops/group_289-304/297_捕尘长绒.png,icons_128/group_289-304/297_捕尘长绒.png
298,食尘短绒,group_289-304,257-320,3,10,"[1049, 1216]","[987, 1154, 1111, 1278]",raw_crops/group_289-304/298_食尘短绒.png,icons_128/group_289-304/298_食尘短绒.png
299,画精灵,group_289-304,257-320,3,11,"[1049, 1344]","[987, 1282, 1111, 1406]",raw_crops/group_289-304/299_画精灵.png,icons_128/group_289-304/299_画精灵.png
300,画像守护,group_289-304,257-320,3,12,"[1049, 1472]","[987, 1410, 1111, 1534]",raw_crops/group_289-304/300_画像守护.png,icons_128/group_289-304/300_画像守护.png
301,画间法师,group_289-304,257-320,3,13,"[1049, 1600]","[987, 1538, 1111, 1662]",raw_crops/group_289-304/301_画间法师.png,icons_128/group_289-304/301_画间法师.png
302,画间沉铁兽,group_289-304,257-320,3,14,"[1049, 1728]","[987, 1666, 1111, 1790]",raw_crops/group_289-304/302_画间沉铁兽.png,icons_128/group_289-304/302_画间沉铁兽.png
303,书魔虫,group_289-304,257-320,3,15,"[1049, 1856]","[987, 1794, 1111, 1918]",raw_crops/group_289-304/303_书魔虫.png,icons_128/group_289-304/303_书魔虫.png
304,书卷守护,group_289-304,257-320,3,16,"[1049, 1984]","[987, 1922, 1111, 2046]",raw_crops/group_289-304/304_书卷守护.png,icons_128/group_289-304/304_书卷守护.png
305,古卷执政官,group_305-320,257-320,4,1,"[1436, 64]","[1374, 2, 1498, 126]",raw_crops/group_305-320/305_古卷执政官.png,icons_128/group_305-320/305_古卷执政官.png
306,古卷匣魔像,group_305-320,257-320,4,2,"[1436, 192]","[1374, 130, 1498, 254]",raw_crops/group_305-320/306_古卷匣魔像.png,icons_128/group_305-320/306_古卷匣魔像.png
307,绒绒,group_305-320,257-320,4,3,"[1436, 320]","[1374, 258, 1498, 382]",raw_crops/group_305-320/307_绒绒.png,icons_128/group_305-320/307_绒绒.png
308,小绒茧,group_305-320,257-320,4,4,"[1436, 448]","[1374, 386, 1498, 510]",raw_crops/group_305-320/308_小绒茧.png,icons_128/group_305-320/308_小绒茧.png
309,绒仙子,group_305-320,257-320,4,5,"[1436, 576]","[1374, 514, 1498, 638]",raw_crops/group_305-320/309_绒仙子.png,icons_128/group_305-320/309_绒仙子.png
310,犀角鸟,group_305-320,257-320,4,6,"[1436, 704]","[1374, 642, 1498, 766]",raw_crops/group_305-320/310_犀角鸟.png,icons_128/group_305-320/310_犀角鸟.png
311,光纤兽,group_305-320,257-320,4,7,"[1436, 832]","[1374, 770, 1498, 894]",raw_crops/group_305-320/311_光纤兽.png,icons_128/group_305-320/311_光纤兽.png
312,疾光千兽,group_305-320,257-320,4,8,"[1436, 960]","[1374, 898, 1498, 1022]",raw_crops/group_305-320/312_疾光千兽.png,icons_128/group_305-320/312_疾光千兽.png
313,果冻,group_305-320,257-320,4,9,"[1436, 1088]","[1374, 1026, 1498, 1150]",raw_crops/group_305-320/313_果冻.png,icons_128/group_305-320/313_果冻.png
314,抹茶布丁,group_305-320,257-320,4,10,"[1436, 1216]","[1374, 1154, 1498, 1278]",raw_crops/group_305-320/314_抹茶布丁.png,icons_128/group_305-320/314_抹茶布丁.png
315,椰浆布丁,group_305-320,257-320,4,11,"[1436, 1344]","[1374, 1282, 1498, 1406]",raw_crops/group_305-320/315_椰浆布丁.png,icons_128/group_305-320/315_椰浆布丁.png
316,熔岩布丁,group_305-320,257-320,4,12,"[1436, 1472]","[1374, 1410, 1498, 1534]",raw_crops/group_305-320/316_熔岩布丁.png,icons_128/group_305-320/316_熔岩布丁.png
317,星尘虫,group_305-320,257-320,4,13,"[1436, 1600]","[1374, 1538, 1498, 1662]",raw_crops/group_305-320/317_星尘虫.png,icons_128/group_305-320/317_星尘虫.png
318,落星虫,group_305-320,257-320,4,14,"[1436, 1728]","[1374, 1666, 1498, 1790]",raw_crops/group_305-320/318_落星虫.png,icons_128/group_305-320/318_落星虫.png
319,陨星虫,group_305-320,257-320,4,15,"[1436, 1856]","[1374, 1794, 1498, 1918]",raw_crops/group_305-320/319_陨星虫.png,icons_128/group_305-320/319_陨星虫.png
320,双灯鱼,group_305-320,257-320,4,16,"[1436, 1984]","[1374, 1922, 1498, 2046]",raw_crops/group_305-320/320_双灯鱼.png,icons_128/group_305-320/320_双灯鱼.png
321,利灯鱼,group_321-328,321-347,1,1,"[264, 75]","[198, 9, 330, 141]",raw_crops/group_321-328/321_利灯鱼.png,icons_128/group_321-328/321_利灯鱼.png
322,月牙雪熊,group_321-328,321-347,1,2,"[264, 210]","[198, 144, 330, 276]",raw_crops/group_321-328/322_月牙雪熊.png,icons_128/group_321-328/322_月牙雪熊.png
323,嗜光嗡嗡,group_321-328,321-347,1,3,"[264, 344]","[198, 278, 330, 410]",raw_crops/group_321-328/323_嗜光嗡嗡.png,icons_128/group_321-328/323_嗜光嗡嗡.png
324,窃光蚊,group_321-328,321-347,1,4,"[264, 480]","[198, 414, 330, 546]",raw_crops/group_321-328/324_窃光蚊.png,icons_128/group_321-328/324_窃光蚊.png
325,柴渣虫,group_321-328,321-347,1,5,"[264, 612]","[198, 546, 330, 678]",raw_crops/group_321-328/325_柴渣虫.png,icons_128/group_321-328/325_柴渣虫.png
326,燃薪虫,group_321-328,321-347,1,6,"[264, 740]","[198, 674, 330, 806]",raw_crops/group_321-328/326_燃薪虫.png,icons_128/group_321-328/326_燃薪虫.png
327,空空颅,group_321-328,321-347,1,7,"[264, 874]","[198, 808, 330, 940]",raw_crops/group_321-328/327_空空颅.png,icons_128/group_321-328/327_空空颅.png
328,夜宿颅,group_321-328,321-347,1,8,"[264, 1004]","[198, 938, 330, 1070]",raw_crops/group_321-328/328_夜宿颅.png,icons_128/group_321-328/328_夜宿颅.png
329,夜枭,group_329-336,321-347,2,1,"[638, 75]","[572, 9, 704, 141]",raw_crops/group_329-336/329_夜枭.png,icons_128/group_329-336/329_夜枭.png
330,粉粉星,group_329-336,321-347,2,2,"[638, 210]","[572, 144, 704, 276]",raw_crops/group_329-336/330_粉粉星.png,icons_128/group_329-336/330_粉粉星.png
331,小皮球,group_329-336,321-347,2,3,"[638, 344]","[572, 278, 704, 410]",raw_crops/group_329-336/331_小皮球.png,icons_128/group_329-336/331_小皮球.png
332,贝瑟,group_329-336,321-347,2,4,"[638, 480]","[572, 414, 704, 546]",raw_crops/group_329-336/332_贝瑟.png,icons_128/group_329-336/332_贝瑟.png
333,贝加尔,group_329-336,321-347,2,5,"[638, 612]","[572, 546, 704, 678]",raw_crops/group_329-336/333_贝加尔.png,icons_128/group_329-336/333_贝加尔.png
334,贝古斯,group_329-336,321-347,2,6,"[638, 740]","[572, 674, 704, 806]",raw_crops/group_329-336/334_贝古斯.png,icons_128/group_329-336/334_贝古斯.png
335,粉星仔,group_329-336,321-347,2,7,"[638, 874]","[572, 808, 704, 940]",raw_crops/group_329-336/335_粉星仔.png,icons_128/group_329-336/335_粉星仔.png
336,粉耳星兔,group_329-336,321-347,2,8,"[638, 1004]","[572, 938, 704, 1070]",raw_crops/group_329-336/336_粉耳星兔.png,icons_128/group_329-336/336_粉耳星兔.png
337,落陨星兔,group_337-344,321-347,3,1,"[986, 75]","[920, 9, 1052, 141]",raw_crops/group_337-344/337_落陨星兔.png,icons_128/group_337-344/337_落陨星兔.png
338,布瓜蝌,group_337-344,321-347,3,2,"[986, 210]","[920, 144, 1052, 276]",raw_crops/group_337-344/338_布瓜蝌.png,icons_128/group_337-344/338_布瓜蝌.png
339,上岸蛙,group_337-344,321-347,3,3,"[986, 344]","[920, 278, 1052, 410]",raw_crops/group_337-344/339_上岸蛙.png,icons_128/group_337-344/339_上岸蛙.png
340,火红尾,group_337-344,321-347,3,4,"[986, 480]","[920, 414, 1052, 546]",raw_crops/group_337-344/340_火红尾.png,icons_128/group_337-344/340_火红尾.png
341,雅丹鬃,group_337-344,321-347,3,5,"[986, 612]","[920, 546, 1052, 678]",raw_crops/group_337-344/341_雅丹鬃.png,icons_128/group_337-344/341_雅丹鬃.png
342,春团,group_337-344,321-347,3,6,"[986, 740]","[920, 674, 1052, 806]",raw_crops/group_337-344/342_春团.png,icons_128/group_337-344/342_春团.png
343,春兔,group_337-344,321-347,3,7,"[986, 874]","[920, 808, 1052, 940]",raw_crops/group_337-344/343_春兔.png,icons_128/group_337-344/343_春兔.png
344,春花兔,group_337-344,321-347,3,8,"[986, 1004]","[920, 938, 1052, 1070]",raw_crops/group_337-344/344_春花兔.png,icons_128/group_337-344/344_春花兔.png
345,幽星光,group_345-347,321-347,4,1,"[1348, 78]","[1282, 12, 1414, 144]",raw_crops/group_345-347/345_幽星光.png,icons_128/group_345-347/345_幽星光.png
346,曜星光,group_345-347,321-347,4,2,"[1348, 203]","[1282, 137, 1414, 269]",raw_crops/group_345-347/346_曜星光.png,icons_128/group_345-347/346_曜星光.png
347,暮星辰,group_345-347,321-347,4,3,"[1348, 327]","[1282, 261, 1414, 393]",raw_crops/group_345-347/347_暮星辰.png,icons_128/group_345-347/347_暮星辰.png
